case_study,brf,max_eval,prob_pas,q_indicator,value
train-ticket,moc_1.64,72,95,IGD+,0.15270998061329522
train-ticket,moc_1.64,72,95,IGD+,0.16647778206170868
train-ticket,moc_1.64,72,95,IGD+,0.15098104932226428
train-ticket,moc_1.64,72,95,EP,0.33298143413424086
train-ticket,moc_1.64,72,95,EP,0.3915950440009174
train-ticket,moc_1.64,72,95,EP,0.2956427813543211
train-ticket,moc_1.64,72,95,HV,0.511072116690414
train-ticket,moc_1.64,72,95,HV,0.5404912555051693
train-ticket,moc_1.64,72,95,HV,0.5826336567510322
train-ticket,moc_1.64,72,95,GSPREAD,0.2974317871249818
train-ticket,moc_1.64,72,95,GSPREAD,0.5081832051204066
train-ticket,moc_1.64,72,95,GSPREAD,0.4747694823985066
train-ticket,moc_1.64,72,80,IGD+,0.13463961975652738
train-ticket,moc_1.64,72,80,IGD+,0.3765361202197551
train-ticket,moc_1.64,72,80,IGD+,0.6456230947292007
train-ticket,moc_1.64,72,80,EP,0.31140751312425646
train-ticket,moc_1.64,72,80,EP,0.5190168104934006
train-ticket,moc_1.64,72,80,EP,0.7743362831858408
train-ticket,moc_1.64,72,80,HV,0.5371250054312263
train-ticket,moc_1.64,72,80,HV,0.2681637068850146
train-ticket,moc_1.64,72,80,HV,0.11591349841822045
train-ticket,moc_1.64,72,80,GSPREAD,0.848769783835559
train-ticket,moc_1.64,72,80,GSPREAD,0.1698386689299298
train-ticket,moc_1.64,72,80,GSPREAD,0.4069291850557247
train-ticket,moc_1.64,72,55,IGD+,0.22500101831408398
train-ticket,moc_1.64,72,55,IGD+,0.11737801804977756
train-ticket,moc_1.64,72,55,IGD+,0.3391293895798862
train-ticket,moc_1.64,72,55,EP,0.44831467888203497
train-ticket,moc_1.64,72,55,EP,0.21468732738446986
train-ticket,moc_1.64,72,55,EP,0.5626843657817111
train-ticket,moc_1.64,72,55,HV,0.4312074830547755
train-ticket,moc_1.64,72,55,HV,0.6139829227983243
train-ticket,moc_1.64,72,55,HV,0.33262399067969445
train-ticket,moc_1.64,72,55,GSPREAD,0.3946520324308742
train-ticket,moc_1.64,72,55,GSPREAD,0.40474503775503423
train-ticket,moc_1.64,72,55,GSPREAD,0.19929482624912126
train-ticket,moc_1.64,72,00,IGD+,1.122887204746466
train-ticket,moc_1.64,72,00,IGD+,0.2130507803728408
train-ticket,moc_1.64,72,00,IGD+,0.2902657633983478
train-ticket,moc_1.64,72,00,EP,1.4673168200642381
train-ticket,moc_1.64,72,00,EP,0.36806567817914326
train-ticket,moc_1.64,72,00,EP,0.4437294465154623
train-ticket,moc_1.64,72,00,HV,0.0
train-ticket,moc_1.64,72,00,HV,0.47852301651615753
train-ticket,moc_1.64,72,00,HV,0.320719895110264
train-ticket,moc_1.64,72,00,GSPREAD,1.0
train-ticket,moc_1.64,72,00,GSPREAD,0.50900309818389
train-ticket,moc_1.64,72,00,GSPREAD,0.10828107759825477
train-ticket,moc_1.64,82,95,IGD+,0.19692216795500825
train-ticket,moc_1.64,82,95,IGD+,0.18836812463805871
train-ticket,moc_1.64,82,95,IGD+,0.09493506571732328
train-ticket,moc_1.64,82,95,EP,0.30752212389380534
train-ticket,moc_1.64,82,95,EP,0.39857999477251993
train-ticket,moc_1.64,82,95,EP,0.19321533923303838
train-ticket,moc_1.64,82,95,HV,0.5203757156354355
train-ticket,moc_1.64,82,95,HV,0.5148200815936457
train-ticket,moc_1.64,82,95,HV,0.6479639594533063
train-ticket,moc_1.64,82,95,GSPREAD,0.5325876236888744
train-ticket,moc_1.64,82,95,GSPREAD,0.5369500957349446
train-ticket,moc_1.64,82,95,GSPREAD,0.324468001536707
train-ticket,moc_1.64,82,80,IGD+,0.3136730669760942
train-ticket,moc_1.64,82,80,IGD+,0.14504619484228912
train-ticket,moc_1.64,82,80,IGD+,0.1991597690742875
train-ticket,moc_1.64,82,80,EP,0.48778038453200745
train-ticket,moc_1.64,82,80,EP,0.21386430678466078
train-ticket,moc_1.64,82,80,EP,0.40591153565277727
train-ticket,moc_1.64,82,80,HV,0.31736020939298426
train-ticket,moc_1.64,82,80,HV,0.5756317032609555
train-ticket,moc_1.64,82,80,HV,0.4802945200743169
train-ticket,moc_1.64,82,80,GSPREAD,0.5096088428798586
train-ticket,moc_1.64,82,80,GSPREAD,0.37819546482173266
train-ticket,moc_1.64,82,80,GSPREAD,0.49491550573822185
train-ticket,moc_1.64,82,55,IGD+,0.25530653788253527
train-ticket,moc_1.64,82,55,IGD+,0.09874919976352914
train-ticket,moc_1.64,82,55,IGD+,0.1726002378357582
train-ticket,moc_1.64,82,55,EP,0.43372193149989713
train-ticket,moc_1.64,82,55,EP,0.1997278175577143
train-ticket,moc_1.64,82,55,EP,0.4137617421982769
train-ticket,moc_1.64,82,55,HV,0.4073040873566697
train-ticket,moc_1.64,82,55,HV,0.6296773612568844
train-ticket,moc_1.64,82,55,HV,0.5199556731909579
train-ticket,moc_1.64,82,55,GSPREAD,0.3266090560469336
train-ticket,moc_1.64,82,55,GSPREAD,0.36118904646025574
train-ticket,moc_1.64,82,55,GSPREAD,0.3319070370215894
train-ticket,moc_1.64,82,00,IGD+,0.24236505963339045
train-ticket,moc_1.64,82,00,IGD+,0.21726593473585046
train-ticket,moc_1.64,82,00,IGD+,0.17657833678366006
train-ticket,moc_1.64,82,00,EP,0.3579193630591416
train-ticket,moc_1.64,82,00,EP,0.44560086384097236
train-ticket,moc_1.64,82,00,EP,0.44915222739948063
train-ticket,moc_1.64,82,00,HV,0.4293709904573261
train-ticket,moc_1.64,82,00,HV,0.4628734437493069
train-ticket,moc_1.64,82,00,HV,0.46898805677077465
train-ticket,moc_1.64,82,00,GSPREAD,0.4503859081083739
train-ticket,moc_1.64,82,00,GSPREAD,0.7055334618019437
train-ticket,moc_1.64,82,00,GSPREAD,0.50254078502957
train-ticket,moc_1.64,102,95,IGD+,0.1537962560947584
train-ticket,moc_1.64,102,95,IGD+,0.36362007761965176
train-ticket,moc_1.64,102,95,IGD+,0.5387007134343484
train-ticket,moc_1.64,102,95,EP,0.27162840688911527
train-ticket,moc_1.64,102,95,EP,0.5515041856654528
train-ticket,moc_1.64,102,95,EP,0.6833781363270309
train-ticket,moc_1.64,102,95,HV,0.5101219519006344
train-ticket,moc_1.64,102,95,HV,0.24729300264830686
train-ticket,moc_1.64,102,95,HV,0.10906797890555475
train-ticket,moc_1.64,102,95,GSPREAD,0.9226456286671203
train-ticket,moc_1.64,102,95,GSPREAD,0.1458912487036293
train-ticket,moc_1.64,102,95,GSPREAD,0.08957067312621961
train-ticket,moc_1.64,102,80,IGD+,0.3704450906771923
train-ticket,moc_1.64,102,80,IGD+,0.16004976954746009
train-ticket,moc_1.64,102,80,IGD+,0.2676375433616104
train-ticket,moc_1.64,102,80,EP,0.5388095792885987
train-ticket,moc_1.64,102,80,EP,0.27149731163862906
train-ticket,moc_1.64,102,80,EP,0.434162390486159
train-ticket,moc_1.64,102,80,HV,0.2519022229539414
train-ticket,moc_1.64,102,80,HV,0.4704732847564297
train-ticket,moc_1.64,102,80,HV,0.3946271126929951
train-ticket,moc_1.64,102,80,GSPREAD,0.29096663688199276
train-ticket,moc_1.64,102,80,GSPREAD,0.18101459025518085
train-ticket,moc_1.64,102,80,GSPREAD,0.5535531377270022
train-ticket,moc_1.64,102,55,IGD+,0.3130214758979393
train-ticket,moc_1.64,102,55,IGD+,0.2506074937550948
train-ticket,moc_1.64,102,55,IGD+,0.30007042881572416
train-ticket,moc_1.64,102,55,EP,0.44560086384097236
train-ticket,moc_1.64,102,55,EP,0.44934369849199246
train-ticket,moc_1.64,102,55,EP,0.44042762649147615
train-ticket,moc_1.64,102,55,HV,0.3464201661321227
train-ticket,moc_1.64,102,55,HV,0.35043592512204597
train-ticket,moc_1.64,102,55,HV,0.38348386088993003
train-ticket,moc_1.64,102,55,GSPREAD,0.27258467940143544
train-ticket,moc_1.64,102,55,GSPREAD,0.15378382101213217
train-ticket,moc_1.64,102,55,GSPREAD,0.16934947946120668
train-ticket,moc_1.64,102,00,IGD+,0.048544192281432044
train-ticket,moc_1.64,102,00,IGD+,0.22884732891284038
train-ticket,moc_1.64,102,00,IGD+,0.12569397385766465
train-ticket,moc_1.64,102,00,EP,0.13953105635651622
train-ticket,moc_1.64,102,00,EP,0.4482865305926169
train-ticket,moc_1.64,102,00,EP,0.33151365133358823
train-ticket,moc_1.64,102,00,HV,0.7527382189089115
train-ticket,moc_1.64,102,00,HV,0.3812844408719194
train-ticket,moc_1.64,102,00,HV,0.5586416280757714
train-ticket,moc_1.64,102,00,GSPREAD,0.48208474564022724
train-ticket,moc_1.64,102,00,GSPREAD,0.21794288837570125
train-ticket,moc_1.64,102,00,GSPREAD,0.18932191152516104
train-ticket,moc_1.23,72,95,IGD+,0.35099643701456795
train-ticket,moc_1.23,72,95,IGD+,0.24306981708098419
train-ticket,moc_1.23,72,95,IGD+,0.16529139093620154
train-ticket,moc_1.23,72,95,EP,0.592920353982301
train-ticket,moc_1.23,72,95,EP,0.4115044247787612
train-ticket,moc_1.23,72,95,EP,0.43164089387246135
train-ticket,moc_1.23,72,95,HV,0.29683755014388546
train-ticket,moc_1.23,72,95,HV,0.4212918659169279
train-ticket,moc_1.23,72,95,HV,0.524566559588271
train-ticket,moc_1.23,72,95,GSPREAD,0.8180556215226172
train-ticket,moc_1.23,72,95,GSPREAD,0.16155296403377833
train-ticket,moc_1.23,72,95,GSPREAD,0.16248751087858615
train-ticket,moc_1.23,72,80,IGD+,0.6542854462941708
train-ticket,moc_1.23,72,80,IGD+,0.3893670275285094
train-ticket,moc_1.23,72,80,IGD+,0.4324653727838542
train-ticket,moc_1.23,72,80,EP,0.6836283185840709
train-ticket,moc_1.23,72,80,EP,0.6686294089373301
train-ticket,moc_1.23,72,80,EP,0.5872035411151739
train-ticket,moc_1.23,72,80,HV,0.06858185005321976
train-ticket,moc_1.23,72,80,HV,0.2526209524045607
train-ticket,moc_1.23,72,80,HV,0.1851015636289057
train-ticket,moc_1.23,72,80,GSPREAD,0.6851587498515265
train-ticket,moc_1.23,72,80,GSPREAD,0.25096888458813527
train-ticket,moc_1.23,72,80,GSPREAD,0.5046980299734038
train-ticket,moc_1.23,72,55,IGD+,0.3799126846840025
train-ticket,moc_1.23,72,55,IGD+,0.3456840161068601
train-ticket,moc_1.23,72,55,IGD+,0.5202084538187133
train-ticket,moc_1.23,72,55,EP,0.5663823035743198
train-ticket,moc_1.23,72,55,EP,0.5663939922210771
train-ticket,moc_1.23,72,55,EP,0.7811246858491092
train-ticket,moc_1.23,72,55,HV,0.304144921561685
train-ticket,moc_1.23,72,55,HV,0.28774295216991697
train-ticket,moc_1.23,72,55,HV,0.1526893007747588
train-ticket,moc_1.23,72,55,GSPREAD,0.45308457901436294
train-ticket,moc_1.23,72,55,GSPREAD,0.3643873550183447
train-ticket,moc_1.23,72,55,GSPREAD,0.8582779223029863
train-ticket,moc_1.23,72,00,IGD+,0.48180487874157574
train-ticket,moc_1.23,72,00,IGD+,0.3817933875669829
train-ticket,moc_1.23,72,00,IGD+,0.36881875581047224
train-ticket,moc_1.23,72,00,EP,0.6784642156187874
train-ticket,moc_1.23,72,00,EP,0.6352235238720841
train-ticket,moc_1.23,72,00,EP,0.5962043936763477
train-ticket,moc_1.23,72,00,HV,0.1679735431265173
train-ticket,moc_1.23,72,00,HV,0.26521820023259546
train-ticket,moc_1.23,72,00,HV,0.2864110925328999
train-ticket,moc_1.23,72,00,GSPREAD,0.38351156392367997
train-ticket,moc_1.23,72,00,GSPREAD,0.4957915081326191
train-ticket,moc_1.23,72,00,GSPREAD,0.2989505678383689
train-ticket,moc_1.23,82,95,IGD+,0.35923245837167794
train-ticket,moc_1.23,82,95,IGD+,0.2142672206924056
train-ticket,moc_1.23,82,95,IGD+,0.3481201062613587
train-ticket,moc_1.23,82,95,EP,0.6873747276473842
train-ticket,moc_1.23,82,95,EP,0.4139095273707681
train-ticket,moc_1.23,82,95,EP,0.5962043936763477
train-ticket,moc_1.23,82,95,HV,0.2459787845187779
train-ticket,moc_1.23,82,95,HV,0.41195120335580476
train-ticket,moc_1.23,82,95,HV,0.2982163373036291
train-ticket,moc_1.23,82,95,GSPREAD,0.38020023424340116
train-ticket,moc_1.23,82,95,GSPREAD,0.28885705521329735
train-ticket,moc_1.23,82,95,GSPREAD,0.830977010029766
train-ticket,moc_1.23,82,80,IGD+,0.39889485392106777
train-ticket,moc_1.23,82,80,IGD+,0.3541808628112887
train-ticket,moc_1.23,82,80,IGD+,0.39155142655969727
train-ticket,moc_1.23,82,80,EP,0.6686272905011698
train-ticket,moc_1.23,82,80,EP,0.638805200399142
train-ticket,moc_1.23,82,80,EP,0.59737766639845
train-ticket,moc_1.23,82,80,HV,0.2612942130239848
train-ticket,moc_1.23,82,80,HV,0.30097874530175983
train-ticket,moc_1.23,82,80,HV,0.21611642323883537
train-ticket,moc_1.23,82,80,GSPREAD,0.4328965800528746
train-ticket,moc_1.23,82,80,GSPREAD,0.4591986205153957
train-ticket,moc_1.23,82,80,GSPREAD,0.7445586236833655
train-ticket,moc_1.23,82,55,IGD+,0.3321507195864753
train-ticket,moc_1.23,82,55,IGD+,0.40542588896017834
train-ticket,moc_1.23,82,55,IGD+,0.36893757107764247
train-ticket,moc_1.23,82,55,EP,0.5962043936763477
train-ticket,moc_1.23,82,55,EP,0.6686272905011698
train-ticket,moc_1.23,82,55,EP,0.5962043936763477
train-ticket,moc_1.23,82,55,HV,0.32585047227403424
train-ticket,moc_1.23,82,55,HV,0.22844908531947045
train-ticket,moc_1.23,82,55,HV,0.27026641572850335
train-ticket,moc_1.23,82,55,GSPREAD,0.5387232842633873
train-ticket,moc_1.23,82,55,GSPREAD,0.8421601529240319
train-ticket,moc_1.23,82,55,GSPREAD,0.4993158858423916
train-ticket,moc_1.23,82,00,IGD+,0.5075082068787107
train-ticket,moc_1.23,82,00,IGD+,0.4193305483839353
train-ticket,moc_1.23,82,00,IGD+,0.46672153392870175
train-ticket,moc_1.23,82,00,EP,0.6628746297546674
train-ticket,moc_1.23,82,00,EP,0.6690447240206955
train-ticket,moc_1.23,82,00,EP,0.7509739125153365
train-ticket,moc_1.23,82,00,HV,0.16545610206586106
train-ticket,moc_1.23,82,00,HV,0.23942292066430898
train-ticket,moc_1.23,82,00,HV,0.1935991968689702
train-ticket,moc_1.23,82,00,GSPREAD,0.2591002024410048
train-ticket,moc_1.23,82,00,GSPREAD,0.28572097605665475
train-ticket,moc_1.23,82,00,GSPREAD,0.5721513819373537
train-ticket,moc_1.23,102,95,IGD+,0.4903072198833338
train-ticket,moc_1.23,102,95,IGD+,0.2882830434247205
train-ticket,moc_1.23,102,95,IGD+,0.48022052746927046
train-ticket,moc_1.23,102,95,EP,0.7643618272628868
train-ticket,moc_1.23,102,95,EP,0.48413417027863737
train-ticket,moc_1.23,102,95,EP,0.6318792669305372
train-ticket,moc_1.23,102,95,HV,0.1763251029684492
train-ticket,moc_1.23,102,95,HV,0.34558972764728435
train-ticket,moc_1.23,102,95,HV,0.19926299267919295
train-ticket,moc_1.23,102,95,GSPREAD,0.6611547054866629
train-ticket,moc_1.23,102,95,GSPREAD,0.290844113640618
train-ticket,moc_1.23,102,95,GSPREAD,0.3077536058226259
train-ticket,moc_1.23,102,80,IGD+,0.39027311604650644
train-ticket,moc_1.23,102,80,IGD+,0.27286175851429156
train-ticket,moc_1.23,102,80,IGD+,0.3756809012493469
train-ticket,moc_1.23,102,80,EP,0.638805200399142
train-ticket,moc_1.23,102,80,EP,0.48404644127171353
train-ticket,moc_1.23,102,80,EP,0.6318032265703706
train-ticket,moc_1.23,102,80,HV,0.23867766325607032
train-ticket,moc_1.23,102,80,HV,0.3770109637932305
train-ticket,moc_1.23,102,80,HV,0.30485241686408937
train-ticket,moc_1.23,102,80,GSPREAD,0.21601332437918264
train-ticket,moc_1.23,102,80,GSPREAD,0.7332283063519006
train-ticket,moc_1.23,102,80,GSPREAD,0.6000529273957129
train-ticket,moc_1.23,102,55,IGD+,0.41586300472145205
train-ticket,moc_1.23,102,55,IGD+,0.27095173063044936
train-ticket,moc_1.23,102,55,IGD+,0.34328737866792053
train-ticket,moc_1.23,102,55,EP,0.5663062632141532
train-ticket,moc_1.23,102,55,EP,0.48404644127171353
train-ticket,moc_1.23,102,55,EP,0.6186943446654782
train-ticket,moc_1.23,102,55,HV,0.23887926706029347
train-ticket,moc_1.23,102,55,HV,0.34277605946408946
train-ticket,moc_1.23,102,55,HV,0.3101079732759818
train-ticket,moc_1.23,102,55,GSPREAD,0.5459480017553607
train-ticket,moc_1.23,102,55,GSPREAD,0.6309072129924592
train-ticket,moc_1.23,102,55,GSPREAD,0.32816856736115657
train-ticket,moc_1.23,102,00,IGD+,0.49466919674812776
train-ticket,moc_1.23,102,00,IGD+,0.5959721813581974
train-ticket,moc_1.23,102,00,IGD+,0.37295009028682174
train-ticket,moc_1.23,102,00,EP,0.5664380702256346
train-ticket,moc_1.23,102,00,EP,0.5872035411151739
train-ticket,moc_1.23,102,00,EP,0.5748202473424588
train-ticket,moc_1.23,102,00,HV,0.15027228371477022
train-ticket,moc_1.23,102,00,HV,0.05309674872099091
train-ticket,moc_1.23,102,00,HV,0.229960907494901
train-ticket,moc_1.23,102,00,GSPREAD,0.39997222263595045
train-ticket,moc_1.23,102,00,GSPREAD,0.26881030126388655
train-ticket,moc_1.23,102,00,GSPREAD,0.6876826069663049
simplified-cocome,moc_1.64,72,95,IGD+,0.3948716321714691
simplified-cocome,moc_1.64,72,95,IGD+,0.3403416472462411
simplified-cocome,moc_1.64,72,95,IGD+,0.4408751920411369
simplified-cocome,moc_1.64,72,95,EP,0.6943820224719099
simplified-cocome,moc_1.64,72,95,EP,0.5820224719101121
simplified-cocome,moc_1.64,72,95,EP,0.6908688387246466
simplified-cocome,moc_1.64,72,95,HV,0.0952142659114614
simplified-cocome,moc_1.64,72,95,HV,1.7303028408968195E-6
simplified-cocome,moc_1.64,72,95,HV,0.0713776313062411
simplified-cocome,moc_1.64,72,95,GSPREAD,0.18067444874102018
simplified-cocome,moc_1.64,72,95,GSPREAD,0.22220886427703118
simplified-cocome,moc_1.64,72,95,GSPREAD,0.8604214511145726
simplified-cocome,moc_1.64,72,80,IGD+,0.5490613932830684
simplified-cocome,moc_1.64,72,80,IGD+,0.8560653826172244
simplified-cocome,moc_1.64,72,80,IGD+,0.3985388563541056
simplified-cocome,moc_1.64,72,80,EP,0.9999620158972012
simplified-cocome,moc_1.64,72,80,EP,1.0494382022471909
simplified-cocome,moc_1.64,72,80,EP,0.5963313751681251
simplified-cocome,moc_1.64,72,80,HV,1.2670134531089889E-5
simplified-cocome,moc_1.64,72,80,HV,0.0
simplified-cocome,moc_1.64,72,80,HV,0.0642563645426131
simplified-cocome,moc_1.64,72,80,GSPREAD,1.0
simplified-cocome,moc_1.64,72,80,GSPREAD,0.8883603719139809
simplified-cocome,moc_1.64,72,80,GSPREAD,0.7959265680067379
simplified-cocome,moc_1.64,72,55,IGD+,0.4080850462782667
simplified-cocome,moc_1.64,72,55,IGD+,0.4841789395214938
simplified-cocome,moc_1.64,72,55,IGD+,0.75839985521639
simplified-cocome,moc_1.64,72,55,EP,0.595505617977528
simplified-cocome,moc_1.64,72,55,EP,0.6247191011235953
simplified-cocome,moc_1.64,72,55,EP,1.276404494382022
simplified-cocome,moc_1.64,72,55,HV,0.0606122693464448
simplified-cocome,moc_1.64,72,55,HV,0.0299165078994515
simplified-cocome,moc_1.64,72,55,HV,0.0
simplified-cocome,moc_1.64,72,55,GSPREAD,0.45860540359432933
simplified-cocome,moc_1.64,72,55,GSPREAD,0.684998426830461
simplified-cocome,moc_1.64,72,55,GSPREAD,1.0
simplified-cocome,moc_1.64,72,00,IGD+,0.1865997083028751
simplified-cocome,moc_1.64,72,00,IGD+,0.33234503124619275
simplified-cocome,moc_1.64,72,00,IGD+,0.19322579343071805
simplified-cocome,moc_1.64,72,00,EP,0.595505617977528
simplified-cocome,moc_1.64,72,00,EP,0.5282204806929885
simplified-cocome,moc_1.64,72,00,EP,0.38379301615107514
simplified-cocome,moc_1.64,72,00,HV,0.19729735298363255
simplified-cocome,moc_1.64,72,00,HV,0.09382658439145408
simplified-cocome,moc_1.64,72,00,HV,0.1803183404948287
simplified-cocome,moc_1.64,72,00,GSPREAD,0.3512337021106842
simplified-cocome,moc_1.64,72,00,GSPREAD,0.3858853708513716
simplified-cocome,moc_1.64,72,00,GSPREAD,1.028023664225154
simplified-cocome,moc_1.64,82,95,IGD+,0.6197900090040522
simplified-cocome,moc_1.64,82,95,IGD+,0.20049278367459308
simplified-cocome,moc_1.64,82,95,IGD+,0.6143678440944336
simplified-cocome,moc_1.64,82,95,EP,0.9999620158972012
simplified-cocome,moc_1.64,82,95,EP,0.4901564327861174
simplified-cocome,moc_1.64,82,95,EP,0.918137282428129
simplified-cocome,moc_1.64,82,95,HV,7.0565004508326265E-6
simplified-cocome,moc_1.64,82,95,HV,0.11051122108174752
simplified-cocome,moc_1.64,82,95,HV,0.007549707868496837
simplified-cocome,moc_1.64,82,95,GSPREAD,0.38387845575319135
simplified-cocome,moc_1.64,82,95,GSPREAD,0.4214880077286674
simplified-cocome,moc_1.64,82,95,GSPREAD,1.1390042159716303
simplified-cocome,moc_1.64,82,80,IGD+,0.30029687071251343
simplified-cocome,moc_1.64,82,80,IGD+,0.46869784848094886
simplified-cocome,moc_1.64,82,80,IGD+,7.249918095681808
simplified-cocome,moc_1.64,82,80,EP,0.5001090096776974
simplified-cocome,moc_1.64,82,80,EP,0.9037529289723757
simplified-cocome,moc_1.64,82,80,EP,7.797344422151692
simplified-cocome,moc_1.64,82,80,HV,0.060743755704156736
simplified-cocome,moc_1.64,82,80,HV,1.7826515811086445E-5
simplified-cocome,moc_1.64,82,80,HV,0.0
simplified-cocome,moc_1.64,82,80,GSPREAD,0.1906420613151388
simplified-cocome,moc_1.64,82,80,GSPREAD,0.6867136136188058
simplified-cocome,moc_1.64,82,80,GSPREAD,0.36801316251127963
simplified-cocome,moc_1.64,82,55,IGD+,0.5894061813426712
simplified-cocome,moc_1.64,82,55,IGD+,0.841883527594169
simplified-cocome,moc_1.64,82,55,IGD+,0.6259082284001092
simplified-cocome,moc_1.64,82,55,EP,0.7582816557674887
simplified-cocome,moc_1.64,82,55,EP,1.0988764044943817
simplified-cocome,moc_1.64,82,55,EP,0.7455033024102911
simplified-cocome,moc_1.64,82,55,HV,0.0
simplified-cocome,moc_1.64,82,55,HV,0.0
simplified-cocome,moc_1.64,82,55,HV,0.004754842637865064
simplified-cocome,moc_1.64,82,55,GSPREAD,0.8181070982558242
simplified-cocome,moc_1.64,82,55,GSPREAD,0.4469761273881796
simplified-cocome,moc_1.64,82,55,GSPREAD,0.7362437333623902
simplified-cocome,moc_1.64,82,00,IGD+,0.7364221371677335
simplified-cocome,moc_1.64,82,00,IGD+,9.080867547411287
simplified-cocome,moc_1.64,82,00,IGD+,0.22186380032403988
simplified-cocome,moc_1.64,82,00,EP,1.0
simplified-cocome,moc_1.64,82,00,EP,9.55669647459419
simplified-cocome,moc_1.64,82,00,EP,0.45393258426966293
simplified-cocome,moc_1.64,82,00,HV,0.0
simplified-cocome,moc_1.64,82,00,HV,0.0
simplified-cocome,moc_1.64,82,00,HV,0.05997676050404216
simplified-cocome,moc_1.64,82,00,GSPREAD,0.25221533027612975
simplified-cocome,moc_1.64,82,00,GSPREAD,1.0
simplified-cocome,moc_1.64,82,00,GSPREAD,0.2751408666639342
simplified-cocome,moc_1.64,102,95,IGD+,0.7680384518288017
simplified-cocome,moc_1.64,102,95,IGD+,0.1476930216658929
simplified-cocome,moc_1.64,102,95,IGD+,0.35426045422024627
simplified-cocome,moc_1.64,102,95,EP,1.2831460674157302
simplified-cocome,moc_1.64,102,95,EP,0.3936249262127541
simplified-cocome,moc_1.64,102,95,EP,0.5114936559854446
simplified-cocome,moc_1.64,102,95,HV,0.0
simplified-cocome,moc_1.64,102,95,HV,0.30738689561488897
simplified-cocome,moc_1.64,102,95,HV,0.04450288277524706
simplified-cocome,moc_1.64,102,95,GSPREAD,0.7580789677799473
simplified-cocome,moc_1.64,102,95,GSPREAD,0.2446318813634569
simplified-cocome,moc_1.64,102,95,GSPREAD,0.961212760028084
simplified-cocome,moc_1.64,102,80,IGD+,0.3914249368217662
simplified-cocome,moc_1.64,102,80,IGD+,0.3084079830324902
simplified-cocome,moc_1.64,102,80,IGD+,0.37909509846610123
simplified-cocome,moc_1.64,102,80,EP,0.6808988764044941
simplified-cocome,moc_1.64,102,80,EP,0.5378551237657154
simplified-cocome,moc_1.64,102,80,EP,0.7235955056179773
simplified-cocome,moc_1.64,102,80,HV,8.671996180493656E-6
simplified-cocome,moc_1.64,102,80,HV,0.15423550316023008
simplified-cocome,moc_1.64,102,80,HV,0.09795691937249905
simplified-cocome,moc_1.64,102,80,GSPREAD,0.09301705667879823
simplified-cocome,moc_1.64,102,80,GSPREAD,0.4870929889961654
simplified-cocome,moc_1.64,102,80,GSPREAD,0.5954981496566712
simplified-cocome,moc_1.64,102,55,IGD+,0.49878260597913215
simplified-cocome,moc_1.64,102,55,IGD+,8.243742724359878
simplified-cocome,moc_1.64,102,55,IGD+,0.5391364602034089
simplified-cocome,moc_1.64,102,55,EP,0.8792123857032303
simplified-cocome,moc_1.64,102,55,EP,8.782592030247349
simplified-cocome,moc_1.64,102,55,EP,0.7106354803071464
simplified-cocome,moc_1.64,102,55,HV,1.201085133624703E-5
simplified-cocome,moc_1.64,102,55,HV,0.0
simplified-cocome,moc_1.64,102,55,HV,0.011347549366273042
simplified-cocome,moc_1.64,102,55,GSPREAD,0.6200295151690143
simplified-cocome,moc_1.64,102,55,GSPREAD,0.7139808879835482
simplified-cocome,moc_1.64,102,55,GSPREAD,0.36980782018897207
simplified-cocome,moc_1.64,102,00,IGD+,0.5517310700003125
simplified-cocome,moc_1.64,102,00,IGD+,0.4758303050236954
simplified-cocome,moc_1.64,102,00,IGD+,0.3796445277995038
simplified-cocome,moc_1.64,102,00,EP,0.8791192723030546
simplified-cocome,moc_1.64,102,00,EP,0.9999620158972012
simplified-cocome,moc_1.64,102,00,EP,0.6418541518614556
simplified-cocome,moc_1.64,102,00,HV,0.025215040556627124
simplified-cocome,moc_1.64,102,00,HV,1.7567183904104198E-5
simplified-cocome,moc_1.64,102,00,HV,0.08701974574313387
simplified-cocome,moc_1.64,102,00,GSPREAD,1.0
simplified-cocome,moc_1.64,102,00,GSPREAD,0.16402974896160527
simplified-cocome,moc_1.64,102,00,GSPREAD,0.1740425328489243
simplified-cocome,moc_1.23,72,95,IGD+,0.26442026160931986
simplified-cocome,moc_1.23,72,95,IGD+,0.611743119264935
simplified-cocome,moc_1.23,72,95,IGD+,0.9521462255157559
simplified-cocome,moc_1.23,72,95,EP,0.4725890672469313
simplified-cocome,moc_1.23,72,95,EP,1.009508436645585
simplified-cocome,moc_1.23,72,95,EP,1.3325842696629213
simplified-cocome,moc_1.23,72,95,HV,0.11177390479592536
simplified-cocome,moc_1.23,72,95,HV,0.0
simplified-cocome,moc_1.23,72,95,HV,0.0
simplified-cocome,moc_1.23,72,95,GSPREAD,0.4222512942580982
simplified-cocome,moc_1.23,72,95,GSPREAD,0.6013863906895204
simplified-cocome,moc_1.23,72,95,GSPREAD,0.7190459022986422
simplified-cocome,moc_1.23,72,80,IGD+,0.1641034905159025
simplified-cocome,moc_1.23,72,80,IGD+,0.4600204866614834
simplified-cocome,moc_1.23,72,80,IGD+,0.3409954584664005
simplified-cocome,moc_1.23,72,80,EP,0.3218466340532167
simplified-cocome,moc_1.23,72,80,EP,0.726921480389296
simplified-cocome,moc_1.23,72,80,EP,0.5963198724862648
simplified-cocome,moc_1.23,72,80,HV,0.24165255596154822
simplified-cocome,moc_1.23,72,80,HV,0.048046274575581915
simplified-cocome,moc_1.23,72,80,HV,0.0921211034588163
simplified-cocome,moc_1.23,72,80,GSPREAD,0.3106448458608289
simplified-cocome,moc_1.23,72,80,GSPREAD,0.3216592683338306
simplified-cocome,moc_1.23,72,80,GSPREAD,0.5616110927525997
simplified-cocome,moc_1.23,72,55,IGD+,0.8348195781319638
simplified-cocome,moc_1.23,72,55,IGD+,0.4215942412125516
simplified-cocome,moc_1.23,72,55,IGD+,0.6313236964268664
simplified-cocome,moc_1.23,72,55,EP,1.3325842696629213
simplified-cocome,moc_1.23,72,55,EP,0.6258551542455041
simplified-cocome,moc_1.23,72,55,EP,0.863676798642068
simplified-cocome,moc_1.23,72,55,HV,0.0
simplified-cocome,moc_1.23,72,55,HV,0.034084244065924314
simplified-cocome,moc_1.23,72,55,HV,0.01574358187865237
simplified-cocome,moc_1.23,72,55,GSPREAD,0.9302533895933174
simplified-cocome,moc_1.23,72,55,GSPREAD,0.35063012007842675
simplified-cocome,moc_1.23,72,55,GSPREAD,0.8952182850654168
simplified-cocome,moc_1.23,72,00,IGD+,0.12553846730592275
simplified-cocome,moc_1.23,72,00,IGD+,0.5142718792513711
simplified-cocome,moc_1.23,72,00,IGD+,0.5242749441963614
simplified-cocome,moc_1.23,72,00,EP,0.433560807948431
simplified-cocome,moc_1.23,72,00,EP,0.7797752808988764
simplified-cocome,moc_1.23,72,00,EP,0.8263648448368094
simplified-cocome,moc_1.23,72,00,HV,0.27914477686595796
simplified-cocome,moc_1.23,72,00,HV,0.003735706480909181
simplified-cocome,moc_1.23,72,00,HV,0.03421544869351005
simplified-cocome,moc_1.23,72,00,GSPREAD,0.6557953863805986
simplified-cocome,moc_1.23,72,00,GSPREAD,0.20528207554206188
simplified-cocome,moc_1.23,72,00,GSPREAD,0.31708977728808446
simplified-cocome,moc_1.23,82,95,IGD+,0.21033179568846572
simplified-cocome,moc_1.23,82,95,IGD+,0.4102960703747923
simplified-cocome,moc_1.23,82,95,IGD+,0.38928509414326434
simplified-cocome,moc_1.23,82,95,EP,0.4874175199209959
simplified-cocome,moc_1.23,82,95,EP,0.7238469614679831
simplified-cocome,moc_1.23,82,95,EP,0.6382022471910112
simplified-cocome,moc_1.23,82,95,HV,0.27696405731758345
simplified-cocome,moc_1.23,82,95,HV,0.094723867289422
simplified-cocome,moc_1.23,82,95,HV,0.034935674537132005
simplified-cocome,moc_1.23,82,95,GSPREAD,0.2311610583329647
simplified-cocome,moc_1.23,82,95,GSPREAD,0.7834471284285892
simplified-cocome,moc_1.23,82,95,GSPREAD,0.5012679118095796
simplified-cocome,moc_1.23,82,80,IGD+,0.47867347670871113
simplified-cocome,moc_1.23,82,80,IGD+,0.26816439113135
simplified-cocome,moc_1.23,82,80,IGD+,0.4495492224927333
simplified-cocome,moc_1.23,82,80,EP,0.7080893079335859
simplified-cocome,moc_1.23,82,80,EP,0.5033707865168539
simplified-cocome,moc_1.23,82,80,EP,1.025294948728782
simplified-cocome,moc_1.23,82,80,HV,0.04540370272154233
simplified-cocome,moc_1.23,82,80,HV,0.11358995679165615
simplified-cocome,moc_1.23,82,80,HV,0.0
simplified-cocome,moc_1.23,82,80,GSPREAD,0.1923132877257
simplified-cocome,moc_1.23,82,80,GSPREAD,0.9072976782635093
simplified-cocome,moc_1.23,82,80,GSPREAD,0.7099880945818651
simplified-cocome,moc_1.23,82,55,IGD+,0.34739709750055914
simplified-cocome,moc_1.23,82,55,IGD+,0.268400230603698
simplified-cocome,moc_1.23,82,55,IGD+,0.5370397587557436
simplified-cocome,moc_1.23,82,55,EP,0.4944525867700312
simplified-cocome,moc_1.23,82,55,EP,0.6329747101119406
simplified-cocome,moc_1.23,82,55,EP,0.9287790096205093
simplified-cocome,moc_1.23,82,55,HV,0.09478175532056853
simplified-cocome,moc_1.23,82,55,HV,0.16644712074473833
simplified-cocome,moc_1.23,82,55,HV,0.0
simplified-cocome,moc_1.23,82,55,GSPREAD,0.23596287089232348
simplified-cocome,moc_1.23,82,55,GSPREAD,0.3564284211519501
simplified-cocome,moc_1.23,82,55,GSPREAD,0.1507760491324085
simplified-cocome,moc_1.23,82,00,IGD+,0.23149935242518946
simplified-cocome,moc_1.23,82,00,IGD+,7.255996302403827
simplified-cocome,moc_1.23,82,00,IGD+,0.3882695455413034
simplified-cocome,moc_1.23,82,00,EP,0.5033707865168539
simplified-cocome,moc_1.23,82,00,EP,7.797471607536576
simplified-cocome,moc_1.23,82,00,EP,0.7797752808988764
simplified-cocome,moc_1.23,82,00,HV,0.18877760655294917
simplified-cocome,moc_1.23,82,00,HV,0.0
simplified-cocome,moc_1.23,82,00,HV,0.08489615054358536
simplified-cocome,moc_1.23,82,00,GSPREAD,0.08272406119474325
simplified-cocome,moc_1.23,82,00,GSPREAD,0.7731577849709124
simplified-cocome,moc_1.23,82,00,GSPREAD,1.0
simplified-cocome,moc_1.23,102,95,IGD+,0.5424092999634677
simplified-cocome,moc_1.23,102,95,IGD+,0.19256324565021887
simplified-cocome,moc_1.23,102,95,IGD+,0.325256050719576
simplified-cocome,moc_1.23,102,95,EP,0.879119662008216
simplified-cocome,moc_1.23,102,95,EP,0.39604274922376304
simplified-cocome,moc_1.23,102,95,EP,0.5885642690931916
simplified-cocome,moc_1.23,102,95,HV,0.02616915838837699
simplified-cocome,moc_1.23,102,95,HV,0.173704220647245
simplified-cocome,moc_1.23,102,95,HV,0.06443632815511192
simplified-cocome,moc_1.23,102,95,GSPREAD,0.18330540362660272
simplified-cocome,moc_1.23,102,95,GSPREAD,1.013117009238346
simplified-cocome,moc_1.23,102,95,GSPREAD,0.6335046367058853
simplified-cocome,moc_1.23,102,80,IGD+,0.5187332806046099
simplified-cocome,moc_1.23,102,80,IGD+,0.31126294302017904
simplified-cocome,moc_1.23,102,80,IGD+,0.5913304740157901
simplified-cocome,moc_1.23,102,80,EP,1.0000547395922155
simplified-cocome,moc_1.23,102,80,EP,0.4754775185972797
simplified-cocome,moc_1.23,102,80,EP,0.7797752808988764
simplified-cocome,moc_1.23,102,80,HV,0.0
simplified-cocome,moc_1.23,102,80,HV,0.13359611668541407
simplified-cocome,moc_1.23,102,80,HV,0.0
simplified-cocome,moc_1.23,102,80,GSPREAD,0.2028723731255392
simplified-cocome,moc_1.23,102,80,GSPREAD,0.5815698078013605
simplified-cocome,moc_1.23,102,80,GSPREAD,0.20074901939645232
simplified-cocome,moc_1.23,102,55,IGD+,0.4086220326881526
simplified-cocome,moc_1.23,102,55,IGD+,0.3530268472793323
simplified-cocome,moc_1.23,102,55,IGD+,0.36075675691657394
simplified-cocome,moc_1.23,102,55,EP,0.5879919168196666
simplified-cocome,moc_1.23,102,55,EP,0.7797752808988764
simplified-cocome,moc_1.23,102,55,EP,0.5033707865168539
simplified-cocome,moc_1.23,102,55,HV,0.07987721680533334
simplified-cocome,moc_1.23,102,55,HV,0.09655213401263517
simplified-cocome,moc_1.23,102,55,HV,0.04211256361514768
simplified-cocome,moc_1.23,102,55,GSPREAD,0.6057098637898268
simplified-cocome,moc_1.23,102,55,GSPREAD,0.35648062213905346
simplified-cocome,moc_1.23,102,55,GSPREAD,0.4919035819331904
simplified-cocome,moc_1.23,102,00,IGD+,0.3254330145702486
simplified-cocome,moc_1.23,102,00,IGD+,8.274824272008422
simplified-cocome,moc_1.23,102,00,IGD+,0.20032391500955488
simplified-cocome,moc_1.23,102,00,EP,0.6219877567957978
simplified-cocome,moc_1.23,102,00,EP,8.820394364413572
simplified-cocome,moc_1.23,102,00,EP,0.5100781620035009
simplified-cocome,moc_1.23,102,00,HV,0.08325169060848517
simplified-cocome,moc_1.23,102,00,HV,0.0
simplified-cocome,moc_1.23,102,00,HV,0.25117338973517384
simplified-cocome,moc_1.23,102,00,GSPREAD,0.08072488613831733
simplified-cocome,moc_1.23,102,00,GSPREAD,1.0
simplified-cocome,moc_1.23,102,00,GSPREAD,0.4777695592430601
simplified-cocome-newrel,moc_1.64,72,95,IGD+,0.2513541078442147
simplified-cocome-newrel,moc_1.64,72,95,IGD+,0.24101392716064735
simplified-cocome-newrel,moc_1.64,72,95,IGD+,0.1514396497215061
simplified-cocome-newrel,moc_1.64,72,95,EP,0.47822299651567945
simplified-cocome-newrel,moc_1.64,72,95,EP,0.4337316179807759
simplified-cocome-newrel,moc_1.64,72,95,EP,0.39305968634280297
simplified-cocome-newrel,moc_1.64,72,95,HV,0.22052590746493356
simplified-cocome-newrel,moc_1.64,72,95,HV,0.1809203520018557
simplified-cocome-newrel,moc_1.64,72,95,HV,0.275313683904408
simplified-cocome-newrel,moc_1.64,72,95,GSPREAD,0.2649860073185668
simplified-cocome-newrel,moc_1.64,72,95,GSPREAD,0.4769401427553607
simplified-cocome-newrel,moc_1.64,72,95,GSPREAD,1.0874040782658658
simplified-cocome-newrel,moc_1.64,72,80,IGD+,0.286087515283164
simplified-cocome-newrel,moc_1.64,72,80,IGD+,0.5495338140684876
simplified-cocome-newrel,moc_1.64,72,80,IGD+,0.2917493513134296
simplified-cocome-newrel,moc_1.64,72,80,EP,0.5537062983055344
simplified-cocome-newrel,moc_1.64,72,80,EP,0.6628256628663646
simplified-cocome-newrel,moc_1.64,72,80,EP,0.5775261324041812
simplified-cocome-newrel,moc_1.64,72,80,HV,0.2007541873940284
simplified-cocome-newrel,moc_1.64,72,80,HV,0.02147156303765331
simplified-cocome-newrel,moc_1.64,72,80,HV,0.17975709946573543
simplified-cocome-newrel,moc_1.64,72,80,GSPREAD,0.5169031402087996
simplified-cocome-newrel,moc_1.64,72,80,GSPREAD,0.340104151416558
simplified-cocome-newrel,moc_1.64,72,80,GSPREAD,0.25851260353431893
simplified-cocome-newrel,moc_1.64,72,55,IGD+,0.15092883615577773
simplified-cocome-newrel,moc_1.64,72,55,IGD+,0.1916731622590008
simplified-cocome-newrel,moc_1.64,72,55,IGD+,0.4843772961056953
simplified-cocome-newrel,moc_1.64,72,55,EP,0.312366540469605
simplified-cocome-newrel,moc_1.64,72,55,EP,0.3253931478777513
simplified-cocome-newrel,moc_1.64,72,55,EP,0.800167841101364
simplified-cocome-newrel,moc_1.64,72,55,HV,0.2980161707715703
simplified-cocome-newrel,moc_1.64,72,55,HV,0.2639971101230041
simplified-cocome-newrel,moc_1.64,72,55,HV,0.06428066758960017
simplified-cocome-newrel,moc_1.64,72,55,GSPREAD,0.48180328909567494
simplified-cocome-newrel,moc_1.64,72,55,GSPREAD,0.5103886519262458
simplified-cocome-newrel,moc_1.64,72,55,GSPREAD,0.07328348805047949
simplified-cocome-newrel,moc_1.64,72,00,IGD+,0.37217270055109697
simplified-cocome-newrel,moc_1.64,72,00,IGD+,0.4468079214740879
simplified-cocome-newrel,moc_1.64,72,00,IGD+,0.18024163204574253
simplified-cocome-newrel,moc_1.64,72,00,EP,0.5448415616249604
simplified-cocome-newrel,moc_1.64,72,00,EP,0.7090592334494774
simplified-cocome-newrel,moc_1.64,72,00,EP,0.5486357207689472
simplified-cocome-newrel,moc_1.64,72,00,HV,0.07779543064373975
simplified-cocome-newrel,moc_1.64,72,00,HV,0.0989543607891012
simplified-cocome-newrel,moc_1.64,72,00,HV,0.2836903863581619
simplified-cocome-newrel,moc_1.64,72,00,GSPREAD,0.5549607950234681
simplified-cocome-newrel,moc_1.64,72,00,GSPREAD,0.7319783982449994
simplified-cocome-newrel,moc_1.64,72,00,GSPREAD,0.33016899978455916
simplified-cocome-newrel,moc_1.64,82,95,IGD+,0.25649413884283495
simplified-cocome-newrel,moc_1.64,82,95,IGD+,0.35086881459969516
simplified-cocome-newrel,moc_1.64,82,95,IGD+,0.18652612850770597
simplified-cocome-newrel,moc_1.64,82,95,EP,0.582752613240418
simplified-cocome-newrel,moc_1.64,82,95,EP,0.6236933797909406
simplified-cocome-newrel,moc_1.64,82,95,EP,0.563588850174216
simplified-cocome-newrel,moc_1.64,82,95,HV,0.24535616643873476
simplified-cocome-newrel,moc_1.64,82,95,HV,0.14154094023566388
simplified-cocome-newrel,moc_1.64,82,95,HV,0.34565768808758884
simplified-cocome-newrel,moc_1.64,82,95,GSPREAD,1.1198141883444728
simplified-cocome-newrel,moc_1.64,82,95,GSPREAD,0.7569812685437233
simplified-cocome-newrel,moc_1.64,82,95,GSPREAD,0.26536471588784016
simplified-cocome-newrel,moc_1.64,82,80,IGD+,0.2106124586427904
simplified-cocome-newrel,moc_1.64,82,80,IGD+,0.31487724592683997
simplified-cocome-newrel,moc_1.64,82,80,IGD+,0.5714607500360499
simplified-cocome-newrel,moc_1.64,82,80,EP,0.33536585365853655
simplified-cocome-newrel,moc_1.64,82,80,EP,0.6132404181184669
simplified-cocome-newrel,moc_1.64,82,80,EP,0.6567944250871081
simplified-cocome-newrel,moc_1.64,82,80,HV,0.1758138204882943
simplified-cocome-newrel,moc_1.64,82,80,HV,0.13145843368947654
simplified-cocome-newrel,moc_1.64,82,80,HV,0.015401665857613404
simplified-cocome-newrel,moc_1.64,82,80,GSPREAD,0.5207367083442372
simplified-cocome-newrel,moc_1.64,82,80,GSPREAD,0.3886724268720989
simplified-cocome-newrel,moc_1.64,82,80,GSPREAD,0.18582787559752587
simplified-cocome-newrel,moc_1.64,82,55,IGD+,0.2817203872180232
simplified-cocome-newrel,moc_1.64,82,55,IGD+,0.213604959132938
simplified-cocome-newrel,moc_1.64,82,55,IGD+,0.3078548773946895
simplified-cocome-newrel,moc_1.64,82,55,EP,0.4392928095079235
simplified-cocome-newrel,moc_1.64,82,55,EP,0.406794425087108
simplified-cocome-newrel,moc_1.64,82,55,EP,0.6409845131935675
simplified-cocome-newrel,moc_1.64,82,55,HV,0.15873294440202437
simplified-cocome-newrel,moc_1.64,82,55,HV,0.2505154080230354
simplified-cocome-newrel,moc_1.64,82,55,HV,0.13023565465613643
simplified-cocome-newrel,moc_1.64,82,55,GSPREAD,0.41569862845262445
simplified-cocome-newrel,moc_1.64,82,55,GSPREAD,0.38798809614799157
simplified-cocome-newrel,moc_1.64,82,55,GSPREAD,0.7268035862861841
simplified-cocome-newrel,moc_1.64,82,00,IGD+,0.5600170343968095
simplified-cocome-newrel,moc_1.64,82,00,IGD+,0.14937406083515523
simplified-cocome-newrel,moc_1.64,82,00,IGD+,0.2917585467139361
simplified-cocome-newrel,moc_1.64,82,00,EP,0.9983552799968115
simplified-cocome-newrel,moc_1.64,82,00,EP,0.5139372822299652
simplified-cocome-newrel,moc_1.64,82,00,EP,0.5139372822299652
simplified-cocome-newrel,moc_1.64,82,00,HV,0.0
simplified-cocome-newrel,moc_1.64,82,00,HV,0.3602659505618205
simplified-cocome-newrel,moc_1.64,82,00,HV,0.14381928509441888
simplified-cocome-newrel,moc_1.64,82,00,GSPREAD,0.008893063639278307
simplified-cocome-newrel,moc_1.64,82,00,GSPREAD,0.5621609791475138
simplified-cocome-newrel,moc_1.64,82,00,GSPREAD,0.44326374316514433
simplified-cocome-newrel,moc_1.64,102,95,IGD+,0.2195233737474822
simplified-cocome-newrel,moc_1.64,102,95,IGD+,0.4819182067560925
simplified-cocome-newrel,moc_1.64,102,95,IGD+,0.2679017549429322
simplified-cocome-newrel,moc_1.64,102,95,EP,0.481959283639764
simplified-cocome-newrel,moc_1.64,102,95,EP,0.9891852702138411
simplified-cocome-newrel,moc_1.64,102,95,EP,0.4460555725378228
simplified-cocome-newrel,moc_1.64,102,95,HV,0.2309900863089519
simplified-cocome-newrel,moc_1.64,102,95,HV,0.0037770254345872536
simplified-cocome-newrel,moc_1.64,102,95,HV,0.13833362168685714
simplified-cocome-newrel,moc_1.64,102,95,GSPREAD,0.4066461052050608
simplified-cocome-newrel,moc_1.64,102,95,GSPREAD,0.23150450761850555
simplified-cocome-newrel,moc_1.64,102,95,GSPREAD,0.45981118159587997
simplified-cocome-newrel,moc_1.64,102,80,IGD+,0.32959276853264136
simplified-cocome-newrel,moc_1.64,102,80,IGD+,0.22405153694202187
simplified-cocome-newrel,moc_1.64,102,80,IGD+,0.24849847813946488
simplified-cocome-newrel,moc_1.64,102,80,EP,0.6573495081889908
simplified-cocome-newrel,moc_1.64,102,80,EP,0.39510037901666567
simplified-cocome-newrel,moc_1.64,102,80,EP,0.5085760665552144
simplified-cocome-newrel,moc_1.64,102,80,HV,0.1040155523893232
simplified-cocome-newrel,moc_1.64,102,80,HV,0.2386204493153798
simplified-cocome-newrel,moc_1.64,102,80,HV,0.11284430618988875
simplified-cocome-newrel,moc_1.64,102,80,GSPREAD,0.342997298508871
simplified-cocome-newrel,moc_1.64,102,80,GSPREAD,0.780513171292557
simplified-cocome-newrel,moc_1.64,102,80,GSPREAD,0.9034121811872553
simplified-cocome-newrel,moc_1.64,102,55,IGD+,0.3855069551761198
simplified-cocome-newrel,moc_1.64,102,55,IGD+,0.14851984078547145
simplified-cocome-newrel,moc_1.64,102,55,IGD+,0.4919046753567568
simplified-cocome-newrel,moc_1.64,102,55,EP,0.6827357581116469
simplified-cocome-newrel,moc_1.64,102,55,EP,0.3582028128824745
simplified-cocome-newrel,moc_1.64,102,55,EP,0.6850612867146674
simplified-cocome-newrel,moc_1.64,102,55,HV,0.046986659649934835
simplified-cocome-newrel,moc_1.64,102,55,HV,0.2373527466018554
simplified-cocome-newrel,moc_1.64,102,55,HV,0.0502064866116858
simplified-cocome-newrel,moc_1.64,102,55,GSPREAD,0.6713232166250752
simplified-cocome-newrel,moc_1.64,102,55,GSPREAD,0.37395259695348515
simplified-cocome-newrel,moc_1.64,102,55,GSPREAD,0.5001006735515118
simplified-cocome-newrel,moc_1.64,102,00,IGD+,0.3863915873204937
simplified-cocome-newrel,moc_1.64,102,00,IGD+,0.24305101590812067
simplified-cocome-newrel,moc_1.64,102,00,IGD+,0.48232974980094484
simplified-cocome-newrel,moc_1.64,102,00,EP,0.6529639979789096
simplified-cocome-newrel,moc_1.64,102,00,EP,0.45916955133237103
simplified-cocome-newrel,moc_1.64,102,00,EP,0.6444679094731883
simplified-cocome-newrel,moc_1.64,102,00,HV,0.05711446903349973
simplified-cocome-newrel,moc_1.64,102,00,HV,0.17357378669680124
simplified-cocome-newrel,moc_1.64,102,00,HV,0.0
simplified-cocome-newrel,moc_1.64,102,00,GSPREAD,0.2558279110369247
simplified-cocome-newrel,moc_1.64,102,00,GSPREAD,0.3262452405779858
simplified-cocome-newrel,moc_1.64,102,00,GSPREAD,0.05725424312207309
simplified-cocome-newrel,moc_1.23,72,95,IGD+,0.19720337038922567
simplified-cocome-newrel,moc_1.23,72,95,IGD+,0.10898210976926272
simplified-cocome-newrel,moc_1.23,72,95,IGD+,0.2127031974602955
simplified-cocome-newrel,moc_1.23,72,95,EP,0.42857142857142855
simplified-cocome-newrel,moc_1.23,72,95,EP,0.3631018107491129
simplified-cocome-newrel,moc_1.23,72,95,EP,0.5826189417959657
simplified-cocome-newrel,moc_1.23,72,95,HV,0.3095265086381424
simplified-cocome-newrel,moc_1.23,72,95,HV,0.37799153047725054
simplified-cocome-newrel,moc_1.23,72,95,HV,0.22511942516224415
simplified-cocome-newrel,moc_1.23,72,95,GSPREAD,0.23908579784354275
simplified-cocome-newrel,moc_1.23,72,95,GSPREAD,0.6106203031288723
simplified-cocome-newrel,moc_1.23,72,95,GSPREAD,0.8601444455902377
simplified-cocome-newrel,moc_1.23,72,80,IGD+,0.5072293510059527
simplified-cocome-newrel,moc_1.23,72,80,IGD+,0.24741144179299207
simplified-cocome-newrel,moc_1.23,72,80,IGD+,0.3261089913147571
simplified-cocome-newrel,moc_1.23,72,80,EP,0.9851557996517437
simplified-cocome-newrel,moc_1.23,72,80,EP,0.5164420165735029
simplified-cocome-newrel,moc_1.23,72,80,EP,0.6876544137586812
simplified-cocome-newrel,moc_1.23,72,80,HV,0.005550604886936268
simplified-cocome-newrel,moc_1.23,72,80,HV,0.1761478605550539
simplified-cocome-newrel,moc_1.23,72,80,HV,0.15436386244414022
simplified-cocome-newrel,moc_1.23,72,80,GSPREAD,0.7349999485834146
simplified-cocome-newrel,moc_1.23,72,80,GSPREAD,0.22494424859672063
simplified-cocome-newrel,moc_1.23,72,80,GSPREAD,0.9284674413194421
simplified-cocome-newrel,moc_1.23,72,55,IGD+,0.18249712662659154
simplified-cocome-newrel,moc_1.23,72,55,IGD+,0.18988313799576662
simplified-cocome-newrel,moc_1.23,72,55,IGD+,0.1775680730587652
simplified-cocome-newrel,moc_1.23,72,55,EP,0.3214285714285714
simplified-cocome-newrel,moc_1.23,72,55,EP,0.43928203050354936
simplified-cocome-newrel,moc_1.23,72,55,EP,0.36216977329643124
simplified-cocome-newrel,moc_1.23,72,55,HV,0.3097259795985466
simplified-cocome-newrel,moc_1.23,72,55,HV,0.27301498314230477
simplified-cocome-newrel,moc_1.23,72,55,HV,0.21224578415360565
simplified-cocome-newrel,moc_1.23,72,55,GSPREAD,0.9030888021939805
simplified-cocome-newrel,moc_1.23,72,55,GSPREAD,0.8743379269752165
simplified-cocome-newrel,moc_1.23,72,55,GSPREAD,0.9903953996841094
simplified-cocome-newrel,moc_1.23,72,00,IGD+,0.2313301289896613
simplified-cocome-newrel,moc_1.23,72,00,IGD+,0.15759080558655653
simplified-cocome-newrel,moc_1.23,72,00,IGD+,0.39429176000311844
simplified-cocome-newrel,moc_1.23,72,00,EP,0.42857142857142855
simplified-cocome-newrel,moc_1.23,72,00,EP,0.22763462738720897
simplified-cocome-newrel,moc_1.23,72,00,EP,0.6428571428571428
simplified-cocome-newrel,moc_1.23,72,00,HV,0.2682859084585528
simplified-cocome-newrel,moc_1.23,72,00,HV,0.2624843167367545
simplified-cocome-newrel,moc_1.23,72,00,HV,0.1227769959750359
simplified-cocome-newrel,moc_1.23,72,00,GSPREAD,0.48996669661633924
simplified-cocome-newrel,moc_1.23,72,00,GSPREAD,0.7918530673019936
simplified-cocome-newrel,moc_1.23,72,00,GSPREAD,1.0
simplified-cocome-newrel,moc_1.23,82,95,IGD+,0.49252781155699005
simplified-cocome-newrel,moc_1.23,82,95,IGD+,0.14702996233039214
simplified-cocome-newrel,moc_1.23,82,95,IGD+,0.3097659638728777
simplified-cocome-newrel,moc_1.23,82,95,EP,0.6888318725217731
simplified-cocome-newrel,moc_1.23,82,95,EP,0.3214285714285714
simplified-cocome-newrel,moc_1.23,82,95,EP,0.6480190725047987
simplified-cocome-newrel,moc_1.23,82,95,HV,0.059812596818128824
simplified-cocome-newrel,moc_1.23,82,95,HV,0.29414659956343625
simplified-cocome-newrel,moc_1.23,82,95,HV,0.11568702660789827
simplified-cocome-newrel,moc_1.23,82,95,GSPREAD,0.3794019603374706
simplified-cocome-newrel,moc_1.23,82,95,GSPREAD,0.18523931458902515
simplified-cocome-newrel,moc_1.23,82,95,GSPREAD,0.32772541011242684
simplified-cocome-newrel,moc_1.23,82,80,IGD+,0.36930025368275304
simplified-cocome-newrel,moc_1.23,82,80,IGD+,0.3210080070332908
simplified-cocome-newrel,moc_1.23,82,80,IGD+,0.3790398407525655
simplified-cocome-newrel,moc_1.23,82,80,EP,0.6402723400699831
simplified-cocome-newrel,moc_1.23,82,80,EP,0.5588029573121926
simplified-cocome-newrel,moc_1.23,82,80,EP,0.8025915238652898
simplified-cocome-newrel,moc_1.23,82,80,HV,0.09746579179106162
simplified-cocome-newrel,moc_1.23,82,80,HV,0.05441131256391206
simplified-cocome-newrel,moc_1.23,82,80,HV,0.1339557516628391
simplified-cocome-newrel,moc_1.23,82,80,GSPREAD,0.49479746561910704
simplified-cocome-newrel,moc_1.23,82,80,GSPREAD,0.23890829456625814
simplified-cocome-newrel,moc_1.23,82,80,GSPREAD,0.5517088029472693
simplified-cocome-newrel,moc_1.23,82,55,IGD+,0.3838336258145305
simplified-cocome-newrel,moc_1.23,82,55,IGD+,0.3284361500440193
simplified-cocome-newrel,moc_1.23,82,55,IGD+,0.3632770434564795
simplified-cocome-newrel,moc_1.23,82,55,EP,0.641969310679976
simplified-cocome-newrel,moc_1.23,82,55,EP,0.6495761419250002
simplified-cocome-newrel,moc_1.23,82,55,EP,0.648641811825301
simplified-cocome-newrel,moc_1.23,82,55,HV,0.06203769360129118
simplified-cocome-newrel,moc_1.23,82,55,HV,0.14572938281285638
simplified-cocome-newrel,moc_1.23,82,55,HV,0.1250819101602874
simplified-cocome-newrel,moc_1.23,82,55,GSPREAD,0.39098770797014815
simplified-cocome-newrel,moc_1.23,82,55,GSPREAD,0.3305263809666098
simplified-cocome-newrel,moc_1.23,82,55,GSPREAD,0.030963330535644852
simplified-cocome-newrel,moc_1.23,82,00,IGD+,0.3129327085756219
simplified-cocome-newrel,moc_1.23,82,00,IGD+,0.556195622450214
simplified-cocome-newrel,moc_1.23,82,00,IGD+,0.3143455401263481
simplified-cocome-newrel,moc_1.23,82,00,EP,0.6430496297901208
simplified-cocome-newrel,moc_1.23,82,00,EP,0.8571428571428571
simplified-cocome-newrel,moc_1.23,82,00,EP,0.6294765098829869
simplified-cocome-newrel,moc_1.23,82,00,HV,0.1597533119582653
simplified-cocome-newrel,moc_1.23,82,00,HV,0.04537947556276167
simplified-cocome-newrel,moc_1.23,82,00,HV,0.12401529239734181
simplified-cocome-newrel,moc_1.23,82,00,GSPREAD,0.4205239770454949
simplified-cocome-newrel,moc_1.23,82,00,GSPREAD,0.2743187509738538
simplified-cocome-newrel,moc_1.23,82,00,GSPREAD,0.11500266209683921
simplified-cocome-newrel,moc_1.23,102,95,IGD+,0.37922210179197646
simplified-cocome-newrel,moc_1.23,102,95,IGD+,0.5503100759634734
simplified-cocome-newrel,moc_1.23,102,95,IGD+,0.1464052490229604
simplified-cocome-newrel,moc_1.23,102,95,EP,0.5092248236988248
simplified-cocome-newrel,moc_1.23,102,95,EP,0.997370482510403
simplified-cocome-newrel,moc_1.23,102,95,EP,0.29920933452424553
simplified-cocome-newrel,moc_1.23,102,95,HV,0.11676289335373793
simplified-cocome-newrel,moc_1.23,102,95,HV,0.0
simplified-cocome-newrel,moc_1.23,102,95,HV,0.28896471859584216
simplified-cocome-newrel,moc_1.23,102,95,GSPREAD,0.1128290431919357
simplified-cocome-newrel,moc_1.23,102,95,GSPREAD,0.803378381206021
simplified-cocome-newrel,moc_1.23,102,95,GSPREAD,0.5346388051084726
simplified-cocome-newrel,moc_1.23,102,80,IGD+,0.387661376245043
simplified-cocome-newrel,moc_1.23,102,80,IGD+,0.26507992401615355
simplified-cocome-newrel,moc_1.23,102,80,IGD+,0.5087947701986237
simplified-cocome-newrel,moc_1.23,102,80,EP,0.6390623877050179
simplified-cocome-newrel,moc_1.23,102,80,EP,0.42857142857142855
simplified-cocome-newrel,moc_1.23,102,80,EP,0.9312538000592558
simplified-cocome-newrel,moc_1.23,102,80,HV,0.05807577544199484
simplified-cocome-newrel,moc_1.23,102,80,HV,0.19510913364909024
simplified-cocome-newrel,moc_1.23,102,80,HV,0.02496997909185447
simplified-cocome-newrel,moc_1.23,102,80,GSPREAD,0.09471881340624466
simplified-cocome-newrel,moc_1.23,102,80,GSPREAD,0.297799955649882
simplified-cocome-newrel,moc_1.23,102,80,GSPREAD,0.46078520200545314
simplified-cocome-newrel,moc_1.23,102,55,IGD+,0.16066535257207176
simplified-cocome-newrel,moc_1.23,102,55,IGD+,0.2153653270624733
simplified-cocome-newrel,moc_1.23,102,55,IGD+,0.29435484126206074
simplified-cocome-newrel,moc_1.23,102,55,EP,0.26190606558549195
simplified-cocome-newrel,moc_1.23,102,55,EP,0.3759557255845868
simplified-cocome-newrel,moc_1.23,102,55,EP,0.5588555493101468
simplified-cocome-newrel,moc_1.23,102,55,HV,0.3096958191618202
simplified-cocome-newrel,moc_1.23,102,55,HV,0.25585918364612953
simplified-cocome-newrel,moc_1.23,102,55,HV,0.0663720054424031
simplified-cocome-newrel,moc_1.23,102,55,GSPREAD,0.5463470325076234
simplified-cocome-newrel,moc_1.23,102,55,GSPREAD,0.24099128239469145
simplified-cocome-newrel,moc_1.23,102,55,GSPREAD,0.4014938244086912
simplified-cocome-newrel,moc_1.23,102,00,IGD+,0.2535268241003006
simplified-cocome-newrel,moc_1.23,102,00,IGD+,0.32035714449472447
simplified-cocome-newrel,moc_1.23,102,00,IGD+,0.27584132448200605
simplified-cocome-newrel,moc_1.23,102,00,EP,0.4701901091835617
simplified-cocome-newrel,moc_1.23,102,00,EP,0.5357142857142857
simplified-cocome-newrel,moc_1.23,102,00,EP,0.5467785254274935
simplified-cocome-newrel,moc_1.23,102,00,HV,0.23970186997436907
simplified-cocome-newrel,moc_1.23,102,00,HV,0.17387247016526558
simplified-cocome-newrel,moc_1.23,102,00,HV,0.10647672872022354
simplified-cocome-newrel,moc_1.23,102,00,GSPREAD,0.36243221008026266
simplified-cocome-newrel,moc_1.23,102,00,GSPREAD,0.08202356968912265
simplified-cocome-newrel,moc_1.23,102,00,GSPREAD,0.493735427407499
